iso3,2022_baseline,bau_2040_low_min_threshold_metal_tons,bau_2040_mid_min_threshold_metal_tons,bau_2040_high_min_threshold_metal_tons,early_refining_2040_low_min_threshold_metal_tons,early_refining_2040_mid_min_threshold_metal_tons,early_refining_2040_high_min_threshold_metal_tons,precursor_2040_low_min_threshold_metal_tons,precursor_2040_mid_min_threshold_metal_tons,precursor_2040_high_min_threshold_metal_tons
AGO,,52.270573691490306,58.87648126300907,72.28632130634578,599.6812673863337,675.4658288421834,829.3475151670972,312.0118932831556,355.9426629582181,445.1252377809252
BDI,,807.8344112692715,983.2442823961342,1213.6015095029802,579.7173956348308,689.1217415318742,844.5861200079103,546.1169992382398,648.6688625648836,790.5823748802165
BWA,40.47150324982893,142.54915829368196,164.2186659577335,193.03580848108535,864.377882775256,908.4403554573504,974.665268853588,567.8832418135027,607.547715329519,664.8792939827171
COD,60651.740359963165,54165.98374548664,54512.39965407591,55018.50618003737,57494.37839153548,57848.451531932515,58380.391666835734,54254.40953614015,54556.70436713853,54995.90372426844
KEN,0.006813414834413225,2.2861012996896326,2.574153667692996,3.158893332486908,2.286643254811767,2.5746312980341344,3.1593011323596625,2.2792723582213825,2.567324726224746,3.1520643910186585
MDG,1411.9138464524933,1460.672863590741,1519.5113486030343,1599.307252761459,1720.2025140791927,1799.5429661192388,1908.8282533120673,1713.0285434435045,1794.7837344887648,1907.24257041373
MOZ,55.66000106934111,254.70894539144098,300.6694923952717,363.2464731603455,434.8472080649593,515.7668354599001,625.7666745879496,462.5791120216552,548.9105608581335,666.2223260675689
MWI,,497.83750053231176,587.9807823392284,710.2326638300868,585.712731301528,691.7738308858413,835.6250289323339,622.4153364542484,735.1278105813178,887.9846148024048
NAM,39.660191629929955,1191.0475454360223,1438.238876157467,1765.953695389446,2049.6371892104294,2407.8930579209396,2956.81273046852,1663.5634700572818,1971.5209029926798,2420.897846112324
TZA,123.52375885020999,2750.505124280492,3317.1066108928862,4067.050668796341,3139.859847869229,3743.7266482009495,4565.47342540398,3163.76213067409,3779.9494597359744,4522.428858388889
ZAF,2290.9084444244627,1599.5013286345172,1632.7434311324657,1699.385609720492,2908.6135644161195,3066.216950094331,3368.0750094452237,2385.593816202235,2510.0744775097455,2732.726060784231
ZMB,1873.4739215534375,1412.4595755747896,1472.4467304912012,1575.1264767196603,2622.8458430080477,2746.774943719239,2965.2330732427317,2466.634551329723,2564.6049798779077,2730.7947501635185
ZWE,25.124945405281732,15.52625979854645,15.537864689361477,15.528060606674138,43.10474862849439,45.17410929211931,48.744763205419424,25.264653910717314,26.38166439172227,28.613170595377703
