iso3,bau_2040_low_max_threshold_metal_tons,bau_2040_mid_max_threshold_metal_tons,bau_2040_high_max_threshold_metal_tons,early_refining_2040_low_max_threshold_metal_tons,early_refining_2040_mid_max_threshold_metal_tons,early_refining_2040_high_max_threshold_metal_tons,precursor_2040_low_max_threshold_metal_tons,precursor_2040_mid_max_threshold_metal_tons,precursor_2040_high_max_threshold_metal_tons
AGO,52.270573691490306,58.87648126300907,72.28632130634578,599.6812673863337,675.4823926132008,2097.341345326097,319.15186694594456,364.17320845380317,1226.9133917223578
BDI,807.8344112692715,983.2442823961342,1213.6015095029802,807.8344112692715,983.2442823961344,1213.6015095029804,807.9109642621139,983.3311075699219,1213.7098933071532
BWA,41.092669926976995,41.09266992697701,41.092669926977,41.09266992697701,41.09266992697701,41.09266992697701,41.39820504284094,41.397823938734675,41.397296031116234
COD,53883.62190260522,54194.33860615302,54627.96740796509,51671.53041465314,51924.98816076336,51645.21080531938,51162.79044273528,51438.07420981443,51404.225492404585
KEN,2.2861012996896326,2.574153667692996,3.158893332486908,95.832652311087,107.94875777176726,132.53367629085525,51.73273018946844,58.29147449634298,71.59927474154925
MDG,1460.672863590741,1519.5113486030343,1599.307252761459,1720.2052391848465,1799.5457850511943,1908.8335080118115,1713.0285434435045,1794.787190496529,1907.2441397357768
MOZ,254.70894539144098,300.6694923952717,363.2464731603455,339.2193777011746,388.4070582437029,572.6869416015445,307.6185994353035,353.5915057485255,498.7713962868158
MWI,497.83750053231176,587.9807823392284,710.2326638300868,497.7886119864469,587.9301536793023,710.1819279382361,497.79300978304803,587.9344246480093,710.1813280039134
NAM,38.38016654698783,38.38032572985526,38.380347986510046,594.5346670912074,596.9769244721754,604.5381428126914,340.6539698369147,342.17922098884765,346.370386113675
TZA,1977.2336746837088,2380.0552903645034,2914.023120283308,9790.81003501076,10486.754516829338,11514.303769448312,6590.267189628647,7233.108080096515,8146.5743296937135
ZAF,1015.2992551376306,1020.2056172963314,1029.476531075492,1442.859883941464,1481.3805295795328,1549.2360732483553,1351.0313632973034,1386.5695429431266,1338.992198444067
ZMB,1373.023993108351,1428.0159105123125,1520.5563955211242,2441.295397383404,2510.1100849887252,2256.8813535518148,2311.9687129976805,2378.0105655535913,2239.7883135307643
ZWE,15.52625979854645,15.537864689361477,15.528060606674138,8.874512007869882,9.276285663358838,9.99183889184432,8.514499673652232,8.916260258183794,9.631800876798188
