iso3,bau_2040_low_min_threshold_metal_tons,bau_2040_mid_min_threshold_metal_tons,bau_2040_high_min_threshold_metal_tons,early_refining_2040_low_min_threshold_metal_tons,early_refining_2040_mid_min_threshold_metal_tons,early_refining_2040_high_min_threshold_metal_tons,precursor_2040_low_min_threshold_metal_tons,precursor_2040_mid_min_threshold_metal_tons,precursor_2040_high_min_threshold_metal_tons
AGO, 52.3 , 58.9 , 72.3 , 599.7 , 675.5 , 829.3 , 312.0 , 355.9 , 445.1 
BDI, 807.8 , 983.2 ," 1,213.6 ", 579.7 , 689.1 , 844.6 , 546.1 , 648.7 , 790.6 
BWA, 41.1 , 41.1 , 41.1 , 41.1 , 41.1 , 41.1 , 41.4 , 41.4 , 41.4 
COD," 53,883.6 "," 54,194.3 "," 54,628.0 "," 57,125.3 "," 57,432.7 "," 57,869.8 "," 54,042.0 "," 54,317.4 "," 54,702.0 "
KEN, 2.3 , 2.6 , 3.2 , 2.3 , 2.6 , 3.2 , 2.3 , 2.6 , 3.2 
MDG," 1,460.7 "," 1,519.5 "," 1,599.3 "," 1,720.2 "," 1,799.5 "," 1,908.8 "," 1,713.0 "," 1,794.8 "," 1,907.2 "
MOZ, 254.7 , 300.7 , 363.2 , 434.8 , 515.8 , 625.8 , 462.6 , 548.9 , 666.2 
MWI, 497.8 , 588.0 , 710.2 , 585.7 , 691.8 , 835.6 , 622.4 , 735.1 , 888.0 
NAM, 38.4 , 38.4 , 38.4 , 38.4 , 38.4 , 38.4 , 38.4 , 38.4 , 38.4 
TZA," 1,977.2 "," 2,380.1 "," 2,914.0 "," 2,276.2 "," 2,715.5 "," 3,310.1 "," 2,250.5 "," 2,675.1 "," 3,260.4 "
ZAF," 1,015.3 "," 1,020.2 "," 1,029.5 "," 1,294.6 "," 1,327.0 "," 1,377.9 "," 1,202.6 "," 1,232.5 "," 1,278.3 "
ZMB," 1,373.0 "," 1,428.0 "," 1,520.6 "," 2,529.6 "," 2,641.8 "," 2,836.3 "," 2,405.3 "," 2,495.5 "," 2,646.0 "
ZWE, 15.5 , 15.5 , 15.5 , 40.2 , 41.7 , 44.5 , 23.5 , 24.4 , 26.1 
